city;date;new_confirmed;new_deaths;cum_sum_daily_cases;cum_sum_daily_deaths;days_since_first_case
1;Diadema;2020-03-27;1;0;1;0;0
2;Diadema;2020-03-28;0;0;1;0;1
3;Diadema;2020-03-29;0;0;1;0;2
4;Diadema;2020-03-30;1;0;2;0;3
5;Diadema;2020-03-31;3;0;5;0;4
6;Diadema;2020-04-01;3;0;8;0;5
7;Diadema;2020-04-02;-8;0;0;0;6
8;Diadema;2020-04-03;20;1;20;1;7
9;Diadema;2020-04-04;3;0;23;1;8
10;Diadema;2020-04-05;1;0;24;1;9
11;Diadema;2020-04-06;1;0;25;1;10
12;Diadema;2020-04-07;10;0;35;1;11
13;Diadema;2020-04-08;11;0;46;1;12
14;Diadema;2020-04-09;9;0;55;1;13
15;Diadema;2020-04-10;4;0;59;1;14
16;Diadema;2020-04-11;1;0;60;1;15
17;Diadema;2020-04-12;3;0;63;1;16
18;Diadema;2020-04-13;3;0;66;1;17
19;Diadema;2020-04-14;5;1;71;2;18
20;Diadema;2020-04-15;23;0;94;2;19
21;Diadema;2020-04-16;6;1;100;3;20
22;Diadema;2020-04-17;15;0;115;3;21
23;Diadema;2020-04-18;3;2;118;5;22
24;Diadema;2020-04-19;2;0;120;5;23
25;Diadema;2020-04-20;6;0;126;5;24
26;Diadema;2020-04-21;9;0;135;5;25
27;Diadema;2020-04-22;3;0;138;5;26
28;Diadema;2020-04-23;13;0;151;5;27
29;Diadema;2020-04-24;0;6;151;11;28
30;Diadema;2020-04-25;19;0;170;11;29
31;Diadema;2020-04-26;8;0;178;11;30
32;Diadema;2020-04-27;10;2;188;13;31
33;Diadema;2020-04-28;51;1;239;14;32
34;Diadema;2020-04-29;33;4;272;18;33
35;Diadema;2020-04-30;18;1;290;19;34
36;Diadema;2020-05-01;26;4;316;23;35
37;Diadema;2020-05-02;4;0;320;23;36
38;Diadema;2020-05-03;11;2;331;25;37
39;Diadema;2020-05-04;7;1;338;26;38
40;Diadema;2020-05-05;22;1;360;27;39
41;Diadema;2020-05-06;45;1;405;28;40
42;Diadema;2020-05-07;11;3;416;31;41
43;Diadema;2020-05-08;7;0;423;31;42
44;Diadema;2020-05-09;18;1;441;32;43
45;Diadema;2020-05-10;8;1;449;33;44
46;Diadema;2020-05-11;0;0;449;33;45
47;Diadema;2020-05-12;7;1;456;34;46
48;Diadema;2020-05-13;67;6;523;40;47
49;Diadema;2020-05-14;44;5;567;45;48
50;Diadema;2020-05-15;37;5;604;50;49
51;Diadema;2020-05-16;30;1;634;51;50
52;Diadema;2020-05-17;3;0;637;51;51
53;Diadema;2020-05-18;7;0;644;51;52
54;Diadema;2020-05-19;20;3;664;54;53
55;Diadema;2020-05-20;69;4;733;58;54
56;Diadema;2020-05-21;53;4;786;62;55
57;Diadema;2020-05-22;20;-1;806;61;56
58;Diadema;2020-05-23;38;0;844;61;57
59;Diadema;2020-05-24;22;2;866;63;58
60;Diadema;2020-05-25;20;0;886;63;59
61;Diadema;2020-05-26;23;1;909;64;60
62;Diadema;2020-05-27;73;5;982;69;61
63;Diadema;2020-05-28;97;0;1079;69;62
64;Diadema;2020-05-29;34;3;1113;72;63
65;Diadema;2020-05-30;43;11;1156;83;64
66;Diadema;2020-05-31;18;1;1174;84;65
67;Diadema;2020-06-01;9;0;1183;84;66
68;Diadema;2020-06-02;88;6;1271;90;67
69;Diadema;2020-06-03;72;-1;1343;89;68
70;Mauá;2020-03-16;1;0;1;0;0
71;Mauá;2020-03-17;0;0;1;0;1
72;Mauá;2020-03-18;0;0;1;0;2
73;Mauá;2020-03-19;0;0;1;0;3
74;Mauá;2020-03-20;0;0;1;0;4
75;Mauá;2020-03-21;0;0;1;0;5
76;Mauá;2020-03-22;0;0;1;0;6
77;Mauá;2020-03-23;0;0;1;0;7
78;Mauá;2020-03-24;0;0;1;0;8
79;Mauá;2020-03-25;1;0;2;0;9
80;Mauá;2020-03-26;0;0;2;0;10
81;Mauá;2020-03-27;0;0;2;0;11
82;Mauá;2020-03-28;0;0;2;0;12
83;Mauá;2020-03-29;0;0;2;0;13
84;Mauá;2020-03-30;0;0;2;0;14
85;Mauá;2020-03-31;1;0;3;0;15
86;Mauá;2020-04-01;0;0;3;0;16
87;Mauá;2020-04-02;4;0;7;0;17
88;Mauá;2020-04-03;3;0;10;0;18
89;Mauá;2020-04-04;5;0;15;0;19
90;Mauá;2020-04-05;1;0;16;0;20
91;Mauá;2020-04-06;2;0;18;0;21
92;Mauá;2020-04-07;10;0;28;0;22
93;Mauá;2020-04-08;4;0;32;0;23
94;Mauá;2020-04-09;6;0;38;0;24
95;Mauá;2020-04-10;4;0;42;0;25
96;Mauá;2020-04-11;1;0;43;0;26
97;Mauá;2020-04-12;2;0;45;0;27
98;Mauá;2020-04-13;5;0;50;0;28
99;Mauá;2020-04-14;2;1;52;1;29
100;Mauá;2020-04-15;14;1;66;2;30
101;Mauá;2020-04-16;5;0;71;2;31
102;Mauá;2020-04-17;6;2;77;4;32
103;Mauá;2020-04-18;5;0;82;4;33
104;Mauá;2020-04-19;5;0;87;4;34
105;Mauá;2020-04-20;6;0;93;4;35
106;Mauá;2020-04-21;3;0;96;4;36
107;Mauá;2020-04-22;13;0;109;4;37
108;Mauá;2020-04-23;6;0;115;4;38
109;Mauá;2020-04-24;4;1;119;5;39
110;Mauá;2020-04-25;19;3;138;8;40
111;Mauá;2020-04-26;3;0;141;8;41
112;Mauá;2020-04-27;17;4;158;12;42
113;Mauá;2020-04-28;21;3;179;15;43
114;Mauá;2020-04-29;22;3;201;18;44
115;Mauá;2020-04-30;22;2;223;20;45
116;Mauá;2020-05-01;18;2;241;22;46
117;Mauá;2020-05-02;7;0;248;22;47
118;Mauá;2020-05-03;0;0;248;22;48
119;Mauá;2020-05-04;6;0;254;22;49
120;Mauá;2020-05-05;10;4;264;26;50
121;Mauá;2020-05-06;16;1;280;27;51
122;Mauá;2020-05-07;38;2;318;29;52
123;Mauá;2020-05-08;12;0;330;29;53
124;Mauá;2020-05-09;34;1;364;30;54
125;Mauá;2020-05-10;14;0;378;30;55
126;Mauá;2020-05-11;2;0;380;30;56
127;Mauá;2020-05-12;8;1;388;31;57
128;Mauá;2020-05-13;32;2;420;33;58
129;Mauá;2020-05-14;40;1;460;34;59
130;Mauá;2020-05-15;79;4;539;38;60
131;Mauá;2020-05-16;27;0;566;38;61
132;Mauá;2020-05-17;11;0;577;38;62
133;Mauá;2020-05-18;10;0;587;38;63
134;Mauá;2020-05-19;21;5;608;43;64
135;Mauá;2020-05-20;35;1;643;44;65
136;Mauá;2020-05-21;25;5;668;49;66
137;Mauá;2020-05-22;54;3;722;52;67
138;Mauá;2020-05-23;44;1;766;53;68
139;Mauá;2020-05-24;17;1;783;54;69
140;Mauá;2020-05-25;9;1;792;55;70
141;Mauá;2020-05-26;13;0;805;55;71
142;Mauá;2020-05-27;29;1;834;56;72
143;Mauá;2020-05-28;66;2;900;58;73
144;Mauá;2020-05-29;55;4;955;62;74
145;Mauá;2020-05-30;37;-3;992;59;75
146;Mauá;2020-05-31;30;0;1022;59;76
147;Mauá;2020-06-01;5;0;1027;59;77
148;Mauá;2020-06-02;44;5;1071;64;78
149;Mauá;2020-06-03;76;13;1147;77;79
150;Ribeirão Pires;2020-03-25;1;0;1;0;0
151;Ribeirão Pires;2020-03-26;0;0;1;0;1
152;Ribeirão Pires;2020-03-27;0;0;1;0;2
153;Ribeirão Pires;2020-03-28;0;0;1;0;3
154;Ribeirão Pires;2020-03-29;0;0;1;0;4
155;Ribeirão Pires;2020-03-30;0;0;1;0;5
156;Ribeirão Pires;2020-03-31;0;0;1;0;6
157;Ribeirão Pires;2020-04-01;0;0;1;0;7
158;Ribeirão Pires;2020-04-02;1;0;2;0;8
159;Ribeirão Pires;2020-04-03;2;0;4;0;9
160;Ribeirão Pires;2020-04-04;0;0;4;0;10
161;Ribeirão Pires;2020-04-05;0;0;4;0;11
162;Ribeirão Pires;2020-04-06;0;0;4;0;12
163;Ribeirão Pires;2020-04-07;5;0;9;0;13
164;Ribeirão Pires;2020-04-08;3;0;12;0;14
165;Ribeirão Pires;2020-04-09;3;0;15;0;15
166;Ribeirão Pires;2020-04-10;0;0;15;0;16
167;Ribeirão Pires;2020-04-11;1;0;16;0;17
168;Ribeirão Pires;2020-04-12;0;0;16;0;18
169;Ribeirão Pires;2020-04-13;1;0;17;0;19
170;Ribeirão Pires;2020-04-14;0;0;17;0;20
171;Ribeirão Pires;2020-04-15;6;0;23;0;21
172;Ribeirão Pires;2020-04-16;3;0;26;0;22
173;Ribeirão Pires;2020-04-17;2;0;28;0;23
174;Ribeirão Pires;2020-04-18;3;0;31;0;24
175;Ribeirão Pires;2020-04-19;2;1;33;1;25
176;Ribeirão Pires;2020-04-20;0;0;33;1;26
177;Ribeirão Pires;2020-04-21;2;0;35;1;27
178;Ribeirão Pires;2020-04-22;0;0;35;1;28
179;Ribeirão Pires;2020-04-23;0;0;35;1;29
180;Ribeirão Pires;2020-04-24;3;1;38;2;30
181;Ribeirão Pires;2020-04-25;6;0;44;2;31
182;Ribeirão Pires;2020-04-26;2;0;46;2;32
183;Ribeirão Pires;2020-04-27;3;0;49;2;33
184;Ribeirão Pires;2020-04-28;9;3;58;5;34
185;Ribeirão Pires;2020-04-29;2;0;60;5;35
186;Ribeirão Pires;2020-04-30;3;0;63;5;36
187;Ribeirão Pires;2020-05-01;9;0;72;5;37
188;Ribeirão Pires;2020-05-02;2;1;74;6;38
189;Ribeirão Pires;2020-05-03;0;0;74;6;39
190;Ribeirão Pires;2020-05-04;0;0;74;6;40
191;Ribeirão Pires;2020-05-05;4;0;78;6;41
192;Ribeirão Pires;2020-05-06;2;1;80;7;42
193;Ribeirão Pires;2020-05-07;3;0;83;7;43
194;Ribeirão Pires;2020-05-08;4;1;87;8;44
195;Ribeirão Pires;2020-05-09;6;2;93;10;45
196;Ribeirão Pires;2020-05-10;0;0;93;10;46
197;Ribeirão Pires;2020-05-11;0;0;93;10;47
198;Ribeirão Pires;2020-05-12;0;0;93;10;48
199;Ribeirão Pires;2020-05-13;6;1;99;11;49
200;Ribeirão Pires;2020-05-14;13;0;112;11;50
201;Ribeirão Pires;2020-05-15;8;0;120;11;51
202;Ribeirão Pires;2020-05-16;5;0;125;11;52
203;Ribeirão Pires;2020-05-17;1;0;126;11;53
204;Ribeirão Pires;2020-05-18;1;0;127;11;54
205;Ribeirão Pires;2020-05-19;7;0;134;11;55
206;Ribeirão Pires;2020-05-20;8;0;142;11;56
207;Ribeirão Pires;2020-05-21;7;0;149;11;57
208;Ribeirão Pires;2020-05-22;3;0;152;11;58
209;Ribeirão Pires;2020-05-23;6;0;158;11;59
210;Ribeirão Pires;2020-05-24;2;0;160;11;60
211;Ribeirão Pires;2020-05-25;0;0;160;11;61
212;Ribeirão Pires;2020-05-26;1;0;161;11;62
213;Ribeirão Pires;2020-05-27;6;2;167;13;63
214;Ribeirão Pires;2020-05-28;9;1;176;14;64
215;Ribeirão Pires;2020-05-29;7;1;183;15;65
216;Ribeirão Pires;2020-05-30;3;0;186;15;66
217;Ribeirão Pires;2020-05-31;3;0;189;15;67
218;Ribeirão Pires;2020-06-01;1;0;190;15;68
219;Ribeirão Pires;2020-06-02;10;0;200;15;69
220;Ribeirão Pires;2020-06-03;18;2;218;17;70
221;Rio Grande da Serra;2020-04-07;1;0;1;0;0
222;Rio Grande da Serra;2020-04-08;3;0;4;0;1
223;Rio Grande da Serra;2020-04-09;0;0;4;0;2
224;Rio Grande da Serra;2020-04-10;0;0;4;0;3
225;Rio Grande da Serra;2020-04-11;1;0;5;0;4
226;Rio Grande da Serra;2020-04-12;0;0;5;0;5
227;Rio Grande da Serra;2020-04-13;0;0;5;0;6
228;Rio Grande da Serra;2020-04-14;0;0;5;0;7
229;Rio Grande da Serra;2020-04-15;2;0;7;0;8
230;Rio Grande da Serra;2020-04-16;0;0;7;0;9
231;Rio Grande da Serra;2020-04-17;0;0;7;0;10
232;Rio Grande da Serra;2020-04-18;2;0;9;0;11
233;Rio Grande da Serra;2020-04-19;0;0;9;0;12
234;Rio Grande da Serra;2020-04-20;0;0;9;0;13
235;Rio Grande da Serra;2020-04-21;0;0;9;0;14
236;Rio Grande da Serra;2020-04-22;0;0;9;0;15
237;Rio Grande da Serra;2020-04-23;0;0;9;0;16
238;Rio Grande da Serra;2020-04-24;2;0;11;0;17
239;Rio Grande da Serra;2020-04-25;1;0;12;0;18
240;Rio Grande da Serra;2020-04-26;1;0;13;0;19
241;Rio Grande da Serra;2020-04-27;5;0;18;0;20
242;Rio Grande da Serra;2020-04-28;1;0;19;0;21
243;Rio Grande da Serra;2020-04-29;3;0;22;0;22
244;Rio Grande da Serra;2020-04-30;2;0;24;0;23
245;Rio Grande da Serra;2020-05-01;-1;0;23;0;24
246;Rio Grande da Serra;2020-05-02;0;0;23;0;25
247;Rio Grande da Serra;2020-05-03;0;0;23;0;26
248;Rio Grande da Serra;2020-05-04;0;0;23;0;27
249;Rio Grande da Serra;2020-05-05;0;0;23;0;28
250;Rio Grande da Serra;2020-05-06;2;0;25;0;29
251;Rio Grande da Serra;2020-05-07;0;1;25;1;30
252;Rio Grande da Serra;2020-05-08;0;0;25;1;31
253;Rio Grande da Serra;2020-05-09;1;1;26;2;32
254;Rio Grande da Serra;2020-05-10;1;0;27;2;33
255;Rio Grande da Serra;2020-05-11;0;0;27;2;34
256;Rio Grande da Serra;2020-05-12;3;0;30;2;35
257;Rio Grande da Serra;2020-05-13;3;0;33;2;36
258;Rio Grande da Serra;2020-05-14;1;1;34;3;37
259;Rio Grande da Serra;2020-05-15;2;1;36;4;38
260;Rio Grande da Serra;2020-05-16;1;1;37;5;39
261;Rio Grande da Serra;2020-05-17;3;1;40;6;40
262;Rio Grande da Serra;2020-05-18;2;0;42;6;41
263;Rio Grande da Serra;2020-05-19;1;0;43;6;42
264;Rio Grande da Serra;2020-05-20;5;0;48;6;43
265;Rio Grande da Serra;2020-05-21;5;1;53;7;44
266;Rio Grande da Serra;2020-05-22;1;0;54;7;45
267;Rio Grande da Serra;2020-05-23;3;0;57;7;46
268;Rio Grande da Serra;2020-05-24;3;0;60;7;47
269;Rio Grande da Serra;2020-05-25;2;0;62;7;48
270;Rio Grande da Serra;2020-05-26;0;0;62;7;49
271;Rio Grande da Serra;2020-05-27;2;0;64;7;50
272;Rio Grande da Serra;2020-05-28;4;0;68;7;51
273;Rio Grande da Serra;2020-05-29;5;0;73;7;52
274;Rio Grande da Serra;2020-05-30;5;0;78;7;53
275;Rio Grande da Serra;2020-05-31;2;0;80;7;54
276;Rio Grande da Serra;2020-06-01;0;0;80;7;55
277;Rio Grande da Serra;2020-06-02;4;0;84;7;56
278;Rio Grande da Serra;2020-06-03;4;1;88;8;57
279;Santo André;2020-03-16;1;0;1;0;0
280;Santo André;2020-03-17;0;0;1;0;1
281;Santo André;2020-03-18;5;0;6;0;2
282;Santo André;2020-03-19;-4;0;2;0;3
283;Santo André;2020-03-20;1;0;3;0;4
284;Santo André;2020-03-21;0;0;3;0;5
285;Santo André;2020-03-22;0;0;3;0;6
286;Santo André;2020-03-23;0;0;3;0;7
287;Santo André;2020-03-24;0;0;3;0;8
288;Santo André;2020-03-25;14;0;17;0;9
289;Santo André;2020-03-26;-1;0;16;0;10
290;Santo André;2020-03-27;1;0;17;0;11
291;Santo André;2020-03-28;0;0;17;0;12
292;Santo André;2020-03-29;0;0;17;0;13
293;Santo André;2020-03-30;23;0;40;0;14
294;Santo André;2020-03-31;8;1;48;1;15
295;Santo André;2020-04-01;3;1;51;2;16
296;Santo André;2020-04-02;8;0;59;2;17
297;Santo André;2020-04-03;11;0;70;2;18
298;Santo André;2020-04-04;6;1;76;3;19
299;Santo André;2020-04-05;-4;0;72;3;20
300;Santo André;2020-04-06;2;0;74;3;21
301;Santo André;2020-04-07;24;0;98;3;22
302;Santo André;2020-04-08;15;0;113;3;23
303;Santo André;2020-04-09;17;0;130;3;24
304;Santo André;2020-04-10;9;0;139;3;25
305;Santo André;2020-04-11;3;0;142;3;26
306;Santo André;2020-04-12;5;0;147;3;27
307;Santo André;2020-04-13;3;1;150;4;28
308;Santo André;2020-04-14;10;0;160;4;29
309;Santo André;2020-04-15;26;2;186;6;30
310;Santo André;2020-04-16;19;1;205;7;31
311;Santo André;2020-04-17;17;3;222;10;32
312;Santo André;2020-04-18;14;2;236;12;33
313;Santo André;2020-04-19;11;0;247;12;34
314;Santo André;2020-04-20;10;0;257;12;35
315;Santo André;2020-04-21;13;2;270;14;36
316;Santo André;2020-04-22;5;0;275;14;37
317;Santo André;2020-04-23;11;1;286;15;38
318;Santo André;2020-04-24;10;2;296;17;39
319;Santo André;2020-04-25;43;1;339;18;40
320;Santo André;2020-04-26;5;0;344;18;41
321;Santo André;2020-04-27;34;2;378;20;42
322;Santo André;2020-04-28;42;3;420;23;43
323;Santo André;2020-04-29;48;6;468;29;44
324;Santo André;2020-04-30;51;0;519;29;45
325;Santo André;2020-05-01;46;5;565;34;46
326;Santo André;2020-05-02;13;1;578;35;47
327;Santo André;2020-05-03;2;0;580;35;48
328;Santo André;2020-05-04;6;1;586;36;49
329;Santo André;2020-05-05;38;4;624;40;50
330;Santo André;2020-05-06;135;4;759;44;51
331;Santo André;2020-05-07;44;0;803;44;52
332;Santo André;2020-05-08;33;1;836;45;53
333;Santo André;2020-05-09;48;3;884;48;54
334;Santo André;2020-05-10;41;1;925;49;55
335;Santo André;2020-05-11;4;0;929;49;56
336;Santo André;2020-05-12;35;2;964;51;57
337;Santo André;2020-05-13;84;3;1048;54;58
338;Santo André;2020-05-14;104;4;1152;58;59
339;Santo André;2020-05-15;72;7;1224;65;60
340;Santo André;2020-05-16;62;2;1286;67;61
341;Santo André;2020-05-17;10;1;1296;68;62
342;Santo André;2020-05-18;14;0;1310;68;63
343;Santo André;2020-05-19;59;10;1369;78;64
344;Santo André;2020-05-20;144;14;1513;92;65
345;Santo André;2020-05-21;121;6;1634;98;66
346;Santo André;2020-05-22;84;6;1718;104;67
347;Santo André;2020-05-23;104;2;1822;106;68
348;Santo André;2020-05-24;24;4;1846;110;69
349;Santo André;2020-05-25;9;0;1855;110;70
350;Santo André;2020-05-26;33;1;1888;111;71
351;Santo André;2020-05-27;69;4;1957;115;72
352;Santo André;2020-05-28;140;4;2097;119;73
353;Santo André;2020-05-29;126;10;2223;129;74
354;Santo André;2020-05-30;107;1;2330;130;75
355;Santo André;2020-05-31;-22;3;2308;133;76
356;Santo André;2020-06-01;10;1;2318;134;77
357;Santo André;2020-06-02;171;5;2489;139;78
358;Santo André;2020-06-03;118;6;2607;145;79
359;São Bernardo do Campo;2020-03-16;1;0;1;0;0
360;São Bernardo do Campo;2020-03-17;0;0;1;0;1
361;São Bernardo do Campo;2020-03-18;2;0;3;0;2
362;São Bernardo do Campo;2020-03-19;0;0;3;0;3
363;São Bernardo do Campo;2020-03-20;1;0;4;0;4
364;São Bernardo do Campo;2020-03-21;0;0;4;0;5
365;São Bernardo do Campo;2020-03-22;0;0;4;0;6
366;São Bernardo do Campo;2020-03-23;0;0;4;0;7
367;São Bernardo do Campo;2020-03-24;0;0;4;0;8
368;São Bernardo do Campo;2020-03-25;9;0;13;0;9
369;São Bernardo do Campo;2020-03-26;0;0;13;0;10
370;São Bernardo do Campo;2020-03-27;2;0;15;0;11
371;São Bernardo do Campo;2020-03-28;0;0;15;0;12
372;São Bernardo do Campo;2020-03-29;0;0;15;0;13
373;São Bernardo do Campo;2020-03-30;18;1;33;1;14
374;São Bernardo do Campo;2020-03-31;11;0;44;1;15
375;São Bernardo do Campo;2020-04-01;8;1;52;2;16
376;São Bernardo do Campo;2020-04-02;7;0;59;2;17
377;São Bernardo do Campo;2020-04-03;11;2;70;4;18
378;São Bernardo do Campo;2020-04-04;7;0;77;4;19
379;São Bernardo do Campo;2020-04-05;4;1;81;5;20
380;São Bernardo do Campo;2020-04-06;8;0;89;5;21
381;São Bernardo do Campo;2020-04-07;40;1;129;6;22
382;São Bernardo do Campo;2020-04-08;18;1;147;7;23
383;São Bernardo do Campo;2020-04-09;17;0;164;7;24
384;São Bernardo do Campo;2020-04-10;10;2;174;9;25
385;São Bernardo do Campo;2020-04-11;-2;0;172;9;26
386;São Bernardo do Campo;2020-04-12;7;1;179;10;27
387;São Bernardo do Campo;2020-04-13;6;0;185;10;28
388;São Bernardo do Campo;2020-04-14;16;1;201;11;29
389;São Bernardo do Campo;2020-04-15;30;4;231;15;30
390;São Bernardo do Campo;2020-04-16;24;1;255;16;31
391;São Bernardo do Campo;2020-04-17;26;1;281;17;32
392;São Bernardo do Campo;2020-04-18;13;3;294;20;33
393;São Bernardo do Campo;2020-04-19;3;0;297;20;34
394;São Bernardo do Campo;2020-04-20;1;0;298;20;35
395;São Bernardo do Campo;2020-04-21;12;0;310;20;36
396;São Bernardo do Campo;2020-04-22;29;0;339;20;37
397;São Bernardo do Campo;2020-04-23;19;5;358;25;38
398;São Bernardo do Campo;2020-04-24;63;4;421;29;39
399;São Bernardo do Campo;2020-04-25;42;2;463;31;40
400;São Bernardo do Campo;2020-04-26;12;0;475;31;41
401;São Bernardo do Campo;2020-04-27;36;4;511;35;42
402;São Bernardo do Campo;2020-04-28;55;1;566;36;43
403;São Bernardo do Campo;2020-04-29;50;4;616;40;44
404;São Bernardo do Campo;2020-04-30;66;5;682;45;45
405;São Bernardo do Campo;2020-05-01;23;0;705;45;46
406;São Bernardo do Campo;2020-05-02;15;0;720;45;47
407;São Bernardo do Campo;2020-05-03;11;7;731;52;48
408;São Bernardo do Campo;2020-05-04;12;0;743;52;49
409;São Bernardo do Campo;2020-05-05;82;3;825;55;50
410;São Bernardo do Campo;2020-05-06;80;12;905;67;51
411;São Bernardo do Campo;2020-05-07;39;7;944;74;52
412;São Bernardo do Campo;2020-05-08;73;7;1017;81;53
413;São Bernardo do Campo;2020-05-09;63;7;1080;88;54
414;São Bernardo do Campo;2020-05-10;15;4;1095;92;55
415;São Bernardo do Campo;2020-05-11;4;0;1099;92;56
416;São Bernardo do Campo;2020-05-12;23;5;1122;97;57
417;São Bernardo do Campo;2020-05-13;88;0;1210;97;58
418;São Bernardo do Campo;2020-05-14;111;4;1321;101;59
419;São Bernardo do Campo;2020-05-15;63;5;1384;106;60
420;São Bernardo do Campo;2020-05-16;40;2;1424;108;61
421;São Bernardo do Campo;2020-05-17;22;12;1446;120;62
422;São Bernardo do Campo;2020-05-18;23;0;1469;120;63
423;São Bernardo do Campo;2020-05-19;80;7;1549;127;64
424;São Bernardo do Campo;2020-05-20;125;18;1674;145;65
425;São Bernardo do Campo;2020-05-21;128;7;1802;152;66
426;São Bernardo do Campo;2020-05-22;63;1;1865;153;67
427;São Bernardo do Campo;2020-05-23;70;9;1935;162;68
428;São Bernardo do Campo;2020-05-24;36;20;1971;182;69
429;São Bernardo do Campo;2020-05-25;19;1;1990;183;70
430;São Bernardo do Campo;2020-05-26;28;6;2018;189;71
431;São Bernardo do Campo;2020-05-27;82;9;2100;198;72
432;São Bernardo do Campo;2020-05-28;255;5;2355;203;73
433;São Bernardo do Campo;2020-05-29;126;3;2481;206;74
434;São Bernardo do Campo;2020-05-30;109;3;2590;209;75
435;São Bernardo do Campo;2020-05-31;33;3;2623;212;76
436;São Bernardo do Campo;2020-06-01;9;0;2632;212;77
437;São Bernardo do Campo;2020-06-02;185;2;2817;214;78
438;São Bernardo do Campo;2020-06-03;108;11;2925;225;79
439;São Caetano do Sul;2020-03-16;1;0;1;0;0
440;São Caetano do Sul;2020-03-17;0;0;1;0;1
441;São Caetano do Sul;2020-03-18;5;0;6;0;2
442;São Caetano do Sul;2020-03-19;-5;0;1;0;3
443;São Caetano do Sul;2020-03-20;3;0;4;0;4
444;São Caetano do Sul;2020-03-21;0;0;4;0;5
445;São Caetano do Sul;2020-03-22;0;0;4;0;6
446;São Caetano do Sul;2020-03-23;0;0;4;0;7
447;São Caetano do Sul;2020-03-24;0;0;4;0;8
448;São Caetano do Sul;2020-03-25;12;0;16;0;9
449;São Caetano do Sul;2020-03-26;1;0;17;0;10
450;São Caetano do Sul;2020-03-27;-1;0;16;0;11
451;São Caetano do Sul;2020-03-28;0;0;16;0;12
452;São Caetano do Sul;2020-03-29;0;0;16;0;13
453;São Caetano do Sul;2020-03-30;11;0;27;0;14
454;São Caetano do Sul;2020-03-31;3;1;30;1;15
455;São Caetano do Sul;2020-04-01;2;0;32;1;16
456;São Caetano do Sul;2020-04-02;1;0;33;1;17
457;São Caetano do Sul;2020-04-03;3;0;36;1;18
458;São Caetano do Sul;2020-04-04;2;0;38;1;19
459;São Caetano do Sul;2020-04-05;0;0;38;1;20
460;São Caetano do Sul;2020-04-06;1;0;39;1;21
461;São Caetano do Sul;2020-04-07;11;0;50;1;22
462;São Caetano do Sul;2020-04-08;7;0;57;1;23
463;São Caetano do Sul;2020-04-09;2;0;59;1;24
464;São Caetano do Sul;2020-04-10;3;0;62;1;25
465;São Caetano do Sul;2020-04-11;-1;1;61;2;26
466;São Caetano do Sul;2020-04-12;6;0;67;2;27
467;São Caetano do Sul;2020-04-13;6;0;73;2;28
468;São Caetano do Sul;2020-04-14;4;1;77;3;29
469;São Caetano do Sul;2020-04-15;8;0;85;3;30
470;São Caetano do Sul;2020-04-16;5;0;90;3;31
471;São Caetano do Sul;2020-04-17;4;1;94;4;32
472;São Caetano do Sul;2020-04-18;4;0;98;4;33
473;São Caetano do Sul;2020-04-19;0;0;98;4;34
474;São Caetano do Sul;2020-04-20;5;0;103;4;35
475;São Caetano do Sul;2020-04-21;7;0;110;4;36
476;São Caetano do Sul;2020-04-22;2;0;112;4;37
477;São Caetano do Sul;2020-04-23;2;1;114;5;38
478;São Caetano do Sul;2020-04-24;13;4;127;9;39
479;São Caetano do Sul;2020-04-25;4;0;131;9;40
480;São Caetano do Sul;2020-04-26;5;0;136;9;41
481;São Caetano do Sul;2020-04-27;2;0;138;9;42
482;São Caetano do Sul;2020-04-28;14;0;152;9;43
483;São Caetano do Sul;2020-04-29;22;0;174;9;44
484;São Caetano do Sul;2020-04-30;11;0;185;9;45
485;São Caetano do Sul;2020-05-01;42;4;227;13;46
486;São Caetano do Sul;2020-05-02;7;0;234;13;47
487;São Caetano do Sul;2020-05-03;2;1;236;14;48
488;São Caetano do Sul;2020-05-04;3;0;239;14;49
489;São Caetano do Sul;2020-05-05;9;0;248;14;50
490;São Caetano do Sul;2020-05-06;9;1;257;15;51
491;São Caetano do Sul;2020-05-07;7;1;264;16;52
492;São Caetano do Sul;2020-05-08;11;0;275;16;53
493;São Caetano do Sul;2020-05-09;9;3;284;19;54
494;São Caetano do Sul;2020-05-10;0;0;284;19;55
495;São Caetano do Sul;2020-05-11;3;0;287;19;56
496;São Caetano do Sul;2020-05-12;-26;1;261;20;57
497;São Caetano do Sul;2020-05-13;5;1;266;21;58
498;São Caetano do Sul;2020-05-14;13;1;279;22;59
499;São Caetano do Sul;2020-05-15;11;0;290;22;60
500;São Caetano do Sul;2020-05-16;7;3;297;25;61
501;São Caetano do Sul;2020-05-17;2;0;299;25;62
502;São Caetano do Sul;2020-05-18;5;0;304;25;63
503;São Caetano do Sul;2020-05-19;25;0;329;25;64
504;São Caetano do Sul;2020-05-20;33;0;362;25;65
505;São Caetano do Sul;2020-05-21;13;1;375;26;66
506;São Caetano do Sul;2020-05-22;22;3;397;29;67
507;São Caetano do Sul;2020-05-23;10;1;407;30;68
508;São Caetano do Sul;2020-05-24;14;5;421;35;69
509;São Caetano do Sul;2020-05-25;5;0;426;35;70
510;São Caetano do Sul;2020-05-26;6;0;432;35;71
511;São Caetano do Sul;2020-05-27;27;0;459;35;72
512;São Caetano do Sul;2020-05-28;53;0;512;35;73
513;São Caetano do Sul;2020-05-29;17;0;529;35;74
514;São Caetano do Sul;2020-05-30;15;2;544;37;75
515;São Caetano do Sul;2020-05-31;44;2;588;39;76
516;São Caetano do Sul;2020-06-01;40;0;628;39;77
517;São Caetano do Sul;2020-06-02;41;0;669;39;78
518;São Caetano do Sul;2020-06-03;49;1;718;40;79
